<?xml version="1.0" encoding="UTF-8" standalone="yes"?>
<addon id="repository.gman" name="[COLOR aqua]G-Man Repository[/COLOR]" version="1.0.0" provider-name="G-Man">
<extension point="xbmc.addon.repository" name="G-Man Repository">
    <dir>
        <info compressed="false">https://raw.githubusercontent.com/mrgsi/repository.gman/master/addons.xml</info>
        <checksum>https://raw.githubusercontent.com/mrgsi/repository.gman/master/addons.xml.md5</checksum>
        <datadir zip="true">https://raw.githubusercontent.com/mrgsi/repository.gman/master/</datadir>
    </dir>   
</extension>
<extension point="xbmc.addon.metadata">
	<summary>The Official G-Man Repo</summary>
    <description>A repo for G-Man created forked Add-ons</description>
    <platform>all</platform>
    <assets>
        <icon>icon.png</icon>
    </assets>
</extension>
</addon>